site_id,predicted_visits
0,237.94794506348782
1,411.63366119282904
2,282.801933335405
3,252.1950255506286
4,149.31218826298226
5,130.03303041118264
6,109.98703464952438
7,267.2707506711249
8,279.8608196171377
9,324.63532906845876
10,148.3025565147705
11,391.8552091173019
12,373.5945193521968
13,207.71422654289225
14,155.430020906236
15,158.1697003671063
16,182.0650176029928
17,250.8834613422452
18,234.50037925496596
19,203.43814795562565
20,287.6049566120322
21,166.8830756912186
22,206.27448097050743
23,227.66110470252184
24,255.9657943538994
25,348.81640289018185
26,192.21202953897168
27,282.7636273677123
28,306.3250236528197
29,139.21283888408115
30,290.23488168231296
31,174.8441884819198
32,150.11133266025425
33,385.2995871280284
34,395.22432565572524
35,356.4217707298392
36,218.50306527136496
37,154.17976586526896
38,320.0865677986366
39,263.77624508100746
40,174.33515388562762
41,267.0214036746923
42,150.70968775075
43,388.63165268113966
44,217.04692544460792
45,335.9448693887518
46,228.14949570807482
47,295.2812330920458
48,303.80568322750656
49,187.25051506800025
50,400.4327847776408
51,346.6322857192638
52,397.1563189837599
53,396.69961435945163
54,322.68125657438014
55,415.7313820334005
56,171.38859354080947
57,205.96707073364817
58,160.0333930704781
59,241.9340277977477
60,264.3497235407608
61,229.36042434057944
62,395.9837591542882
63,253.3616224189377
64,207.46386447771215
65,260.64493550508695
66,183.2040219985
67,318.5706421571555
68,161.49916606338513
69,417.06160294526876
70,342.43269649900407
71,181.04918296120957
72,150.68074952841275
73,383.8410325145971
74,352.922246585504
75,366.06735706662505
76,376.2939697651006
77,170.34631635772013
78,254.72173342953704
79,179.7649024552023
80,403.10743156833416
81,328.20434416771184
82,229.40500021720214
83,161.79819430781998
84,229.7471940654941
85,229.6949065741813
86,351.9041586523031
87,319.96999277949845
88,389.0177968329252
89,279.38411776243095
90,166.94710365130132
91,305.9786750228242
92,323.09761322989453
93,300.58022844290014
94,345.48053277472934
95,277.4318626032745
96,259.7386644876043
97,246.9064474996935
98,137.47034571485315
99,158.53414914709185
100,143.94906696548034
101,294.67737722690913
102,196.23258349305738
103,234.44650378666148
104,352.30887279299037
105,184.4114076196872
106,224.95142327268925
107,294.6190890603013
108,180.52274481599133
109,138.86873686981613
110,194.3576014690842
111,158.87276694897514
112,399.2050063404878
113,370.7566235036971
114,311.9002070701537
115,378.46818549499227
116,363.12262909534104
117,193.05366367660233
118,370.8833370828017
119,281.5502211118285
120,374.36918803841326
121,378.9208255498265
122,224.21999520946267
123,165.16242816881496
124,198.15315997363777
125,242.04558050539393
126,331.11081702972245
127,347.21735868936844
128,139.89132620382588
129,271.0116546118983
130,228.79454635832826
131,186.45601888531084
132,146.19746896878146
133,230.74200073146048
134,377.1286078363475
135,209.92232943094172
136,265.66963272634837
137,312.57192934804374
138,251.98964612646608
139,427.25008352368394
140,412.6179574022695
141,213.5414938124299
142,283.60826600346485
143,222.01522892040782
144,214.62243549134718
145,147.4014966045334
146,298.3230438245853
147,273.297733193148
148,147.8131488053775
149,193.86709121995003
150,353.24218642143404
151,169.84760600288772
152,163.3860179443204
153,239.70204943930648
154,363.8659119709882
155,152.18270509627683
156,244.32895436421657
157,272.12932994327474
158,144.20603771916055
159,243.54268267171324
160,235.12889991433303
161,297.6561773538804
162,301.0172432674466
163,272.99478239257473
164,154.4528872664191
165,345.9329131663628
166,178.11341770850925
167,143.64398599228
168,126.00415187243722
169,243.24239975486606
170,259.825175392785
171,108.35870525341794
172,230.71851688694707
173,168.14290427446923
174,259.24515405031775
175,165.10009471450604
176,299.66934279126883
177,227.99437914157113
178,371.6414896567853
179,166.36822106184707
180,219.01369320042488
181,161.20753774244088
182,381.429016425245
183,373.83095641214084
184,208.21917620778913
185,323.3979089531769
186,369.3635485408957
187,268.82128214407294
188,269.8224937198493
189,193.4435424376081
190,157.5633941839861
191,371.559133434889
192,377.6386362935899
193,308.6692497499249
194,227.84917213942379
195,219.06816516275717
196,331.36379136340025
197,391.98374815619326
198,388.7509025667314
199,343.410464321971
200,322.0788355569271
201,161.0813833804405
202,189.2570727515648
203,404.1532024987475
204,310.98655597289064
205,147.39834027399965
206,174.57598021963153
207,318.12059305481483
208,137.6193059472779
209,179.63415346863187
210,289.34460412046803
211,338.98415125768014
212,338.5702831908568
213,211.76379286563258
214,353.0269139228876
215,218.1792730139412
216,242.26871439197154
217,365.39149842777175
218,341.97468818257283
219,401.1912133337576
220,344.9860497881218
221,315.92337321783754
222,157.71624899228712
223,216.90474643400572
224,218.72812095312392
225,182.01029640869288
226,414.0452696588982
227,250.50779549377728
228,374.678102032462
229,293.09736344117505
230,385.9438214605618
231,292.56141512791226
232,314.9198538306939
233,295.6275101285791
234,205.79080170624403
235,362.75961134633445
236,231.6687585328026
237,153.04163621067497
238,338.7478795596276
239,197.83765427560425
240,397.70030975215343
241,417.4244216098717
242,400.8239328184811
243,242.21408264648232
244,147.51985648488076
245,401.7547171604041
246,260.29183639562547
247,421.4706564109541
248,394.3663415582567
249,341.22713308733444
250,203.59104126623683
251,250.68179931382844
252,367.2725971915394
253,228.05513962954487
254,170.0279358524766
255,281.31483164868195
256,375.7546751815849
257,311.91682881312386
258,289.8491674507958
259,154.85110060742397
260,268.67948861971644
261,346.36929136116106
262,160.2107482474737
263,250.6253201517548
264,340.34253616545874
265,291.1503232927213
266,296.4998779966022
267,289.4163956226793
268,211.52052081531707
269,190.67766654948488
270,365.6042433295836
271,371.32149778138995
272,376.2032168993329
273,389.99778150444587
274,281.69761192054125
275,281.6120327689286
276,345.77784425352394
277,311.51682855144014
278,344.16822971931936
279,351.69822207977944
280,381.0093729665176
281,226.87464678759065
282,238.3447559947103
283,155.07442090583191
284,270.88483961124524
285,136.75628593013147
286,266.452746185126
287,279.5642857348948
288,196.15673711689536
289,281.66490388851
290,125.12038567666009
291,148.02596752593053
292,345.68379889876616
293,219.35444612239965
294,163.5183250983893
295,265.6022548071956
296,370.55842591146114
297,207.7988293080882
298,316.8146818837928
299,166.26618206918283
300,156.89318700600768
301,285.9066500104267
302,284.5720192291436
303,312.2796533134946
304,329.65307856909834
305,402.2693389422196
306,272.39953357025104
307,204.89937980539955
308,324.8778571021834
309,177.02914949904488
310,237.89117890662024
311,140.13521987658086
312,128.66904649649922
313,299.96389884285327
314,278.4819781453974
315,257.9697203335879
316,177.69771039875732
317,133.5073459354354
318,177.86393141036373
319,197.2209513727433
320,278.62994253633275
321,320.1259450636273
322,303.57265827760983
323,202.05519418927256
324,315.71311061666
325,259.0118761082882
326,245.6714037890225
327,247.88648955872074
328,202.90631667890054
329,156.8429555693573
330,195.12904005687585
331,291.1206167526577
332,116.44881922343038
333,150.82846198139384
334,137.38774720301748
335,139.03035227254276
336,350.6193888636182
337,314.1079813470533
338,253.67488291641962
339,157.09785293091852
340,265.4823907855242
341,264.21512041880817
342,184.9397547892509
343,260.35329681347827
344,251.95057980886776
345,284.2721979945255
346,297.4541129979146
347,142.1921056922251
348,232.34916381603634
349,299.3979507249679
350,270.5070866296722
351,369.5226926815394
352,314.6579389006166
353,171.0152981143593
354,154.21913420744815
355,320.52573334648963
356,147.5623606460492
357,291.33043275684764
358,406.1776051951489
359,296.5708199124107
360,254.05856299607677
361,330.3866225942935
362,269.33833977919437
363,302.67688887693055
364,418.38244041466726
365,242.27509070374165
366,398.145568147955
367,382.0307158074843
368,191.96807854139553
369,161.93072814289474
370,176.57328011789895
371,151.5190798674877
372,173.12156484475867
373,350.0954591492382
374,167.6534893898709
375,240.07123635203249
376,400.0523258288659
377,155.59476745550128
378,391.7313746622655
379,231.21240158712294
380,164.22230344760487
381,299.1509091873509
382,322.70097162368177
383,336.9859939689942
384,347.1633802825117
385,365.6174742363434
386,210.48953307081368
387,175.53617179112197
388,372.7701751698984
389,381.3238342043214
390,435.86959630627433
391,271.8287978187833
392,258.115945255343
393,378.77235744088006
394,249.48105454380413
395,417.6211600441607
396,401.72026935767235
397,271.43272829890645
398,345.356552784307
399,360.18057687482445
400,170.8619446177806
401,390.40931907572804
402,287.69576519014146
403,373.1034224997628
404,229.96753066158365
405,401.02966527225834
406,239.59170989674732
407,128.8325566735022
408,360.15303540877534
409,167.46716577973106
410,222.70985159070568
411,404.80496581066126
412,368.4039000384984
413,285.74341222895737
414,296.13321047922153
415,247.34845263882704
416,214.8582606454979
417,214.8772066941716
418,282.5377734174579
419,291.1197325385903
420,323.2776324520646
421,317.3932519407271
422,146.0843025095915
423,233.34390405008725
424,138.10687584059542
425,252.60281634404637
426,231.71038088219214
427,333.4260520081273
428,237.59536320457988
429,174.89344792746073
430,176.9442157083777
431,348.12640128682347
432,311.46657986195686
433,169.0270838971312
434,155.56646554983743
435,325.3337648314669
436,164.0035460009998
437,358.77331586773215
438,330.6387254696981
439,157.39148154992802
440,159.20022407912296
441,388.1258945238683
442,219.6337438491624
443,222.16158759713628
444,362.2615656255963
445,388.0507329490657
446,370.59609936922686
447,323.6357551380748
448,206.66896444835817
449,160.73983303534604
450,333.80372805047017
451,269.90026024171954
452,241.00901256244876
453,365.4031387001987
454,178.33506037241258
455,288.15350023280666
456,144.27439343890336
457,275.1451339534915
458,158.20751443191307
459,171.54541414879625
460,168.8686911705023
461,315.51394437867697
462,335.0178894181858
463,295.2911359009583
464,391.9069012122881
465,217.82493369755113
466,197.08398678239584
467,314.3121467372819
468,183.32513991528742
469,354.4761868078588
470,125.43701278279212
471,301.44673126096546
472,113.22043225559682
473,300.06734104813324
474,200.91263791999552
475,296.03957966547694
476,155.47220251057084
477,277.0331383160547
478,390.1842136109881
479,269.653600951868
480,295.51398211551754
481,309.7791165385144
482,207.14022994060196
483,235.92508374864025
484,252.65234057209224
485,312.4239083548372
486,120.35070526239349
487,163.8136931147323
488,330.6383575481314
489,321.7678592381926
490,216.34235833979128
491,274.2336955632627
492,195.60830155019568
493,176.92737437380055
494,249.281572459326
495,222.69180866840134
496,282.18407135097726
497,151.8161339796814
498,394.73536913157943
499,403.3803163141957
500,329.1549585539613
501,288.85862654338644
502,227.0004202386617
503,334.70033171864134
504,310.46174895227654
505,172.78233092797936
506,374.826232825909
507,351.70000704523613
508,390.955014721202
509,333.8994214618266
510,302.362006110494
511,236.87652983118622
512,387.25245162954843
513,383.273145274428
514,152.80536698519566
515,141.23242505952254
516,247.18255537224294
517,361.3958232047537
518,425.4312435526681
519,187.95701421881674
520,307.52983210347156
521,254.99332689177726
522,426.63988009345877
523,366.9574719300399
524,364.6681382279619
525,263.32968455416693
526,252.39778619648328
527,219.96291303272542
528,163.52304203606136
529,399.02116910023034
530,382.36044916212285
531,443.821928345415
532,439.2881209408889
533,309.3850232860675
534,377.4783898178454
535,429.6006959955081
536,402.21521808779266
537,221.00798639453558
538,252.5225319431725
539,157.27230378423235
540,415.6310309465022
541,270.6155588157782
542,204.81259004990602
543,328.6540177208287
544,300.95126162189365
545,222.3646370816681
546,182.88283487482622
547,341.8556069644625
548,298.3693871087084
549,378.96787188989896
550,301.96674912802774
551,401.2564822797385
552,312.1190799700086
553,309.67525972344595
554,407.1145942887829
555,263.9788979346579
556,175.04706867755766
557,151.81406178318943
558,355.57404265981256
559,311.84512685043836
560,344.59868957060587
561,200.54119756979946
562,178.45844524555145
563,147.86402033793058
564,229.18729519436627
565,274.8757490819749
566,228.65271261469985
567,265.5163296325606
568,381.6853035428594
569,236.80231130084033
570,257.5181593398005
571,341.70155165653
572,234.570916741463
573,292.6329479093858
574,369.0256200142694
575,375.8685518735545
576,155.92308981715695
577,331.61630017048617
578,248.3231730833163
579,186.61466072229678
580,236.99802359877953
581,347.2943759313301
582,245.8707381085886
583,199.46567868125996
584,278.9296185974379
585,177.83605075509575
586,160.79450307007266
587,178.24148750222457
588,172.83128461086602
589,179.89902976295207
590,177.9378469329204
591,320.7976322732838
592,181.60664034090286
593,229.08508959284282
594,399.9529468424218
595,264.34829069022567
596,320.035059199425
597,182.02054279195764
598,188.4498285037106
599,141.20780755747114
600,168.04943389130307
601,198.67274561639516
602,186.8182197008077
603,157.84879894396045
604,154.78133802057707
605,248.08343230650726
606,166.5913395394555
607,238.0847001325823
608,262.25990261923005
609,303.55875282781744
610,140.63621617488522
611,337.61663720987156
612,329.0985154175992
613,168.88138394190352
614,387.5443635955391
615,403.5945199796705
616,159.56539051899173
617,215.36189303966827
618,357.19372524663896
619,342.70780360797556
620,184.04376186446726
621,193.34558479714698
622,233.3131098327787
623,245.12614664640103
624,280.49728705912605
625,199.5544975567691
626,243.86100930248386
627,302.208809292313
628,131.44459554330697
629,154.3118066817414
630,252.9199257317406
631,300.9438798026038
632,197.78005683894366
633,204.65749972084325
634,164.51539745501827
635,249.0520987060798
636,274.2191933846302
637,195.68983166809943
638,201.27714229281105
639,227.27544299509256
640,112.85807543478622
641,172.00807604852073
642,165.77204799983778
643,184.51163607886738
644,136.74819807710085
645,291.6749625965337
